tweet_id,retweets,favorites
892420643555336193,8213,37672
892177421306343426,6073,32356
891815181378084864,4015,24373
891689557279858688,8361,40994
891327558926688256,9072,39192
891087950875897856,3007,19706
890971913173991426,1989,11520
890729181411237888,18243,63542
890609185150312448,4132,27093
890240255349198849,7132,31053
890006608113172480,7090,29868
889880896479866881,4817,27074
889665388333682689,9708,46811
889638837579907072,4384,26398
889531135344209921,2179,14717
889278841981685760,5200,24573
888917238123831296,4355,28357
888804989199671297,4139,24874
888554962724278272,3423,19305
888078434458587136,3373,21182
887705289381826560,5208,29402
887517139158093824,11325,45053
887473957103951883,17569,67109
887343217045368832,10090,32779
887101392804085760,5768,29763
886983233522544640,7517,34181
886736880519319552,3161,11719
886680336477933568,4321,21849
886366144734445568,3096,20628
886267009285017600,4,116
886258384151887873,6099,27261
886054160059072513,105,0
885984800019947520,6557,31746
885528943205470208,6218,35021
885518971528720385,3629,19903
885311592912609280,17951,0
885167619883638784,4246,21337
884925521741709313,17670,75232
884876753390489601,5441,27153
884562892145688576,4539,23633
884441805382717440,5487,26295
884247878851493888,19870,70990
884162670584377345,2887,19820
883838122936631299,3337,21319
883482846933004288,9620,44698
883360690899218434,3593,22086
883117836046086144,6455,36168
882992080364220416,3804,23303
882762694511734784,4746,27551
882627270321602560,5906,27195
882268110199369728,11234,43743
882045870035918850,4801,28561
881906580714921986,3293,23675
881666595344535552,10352,49279
881633300179243008,7,124
881536004380872706,15476,48133
881268444196462592,5026,22510
880935762899988482,2702,16609
880872448815771648,3713,20708
880465832366813184,6091,27789
880221127280381952,4092,26322
880095782870896641,4209,26908
879862464715927552,3393,21766
879674319642796034,10,302
879492040517615616,3085,22826
879415818425184262,42956,103087
879376492567855104,3020,16374
879130579576475649,6608,0
879050749262655488,4566,21958
879008229531029506,2614,18502
878776093423087618,4006,18924
878604707211726852,6987,29441
878404777348136964,1249,0
878316110768087041,6457,0
878281511006478336,1249,7546
878057613040115712,6608,40975
877736472329191424,18539,77615
877611172832227328,78,0
877556246731214848,3695,22160
877316821321428993,5048,26716
877201837425926144,5429,26458
876838120628539392,3246,20173
876537666061221889,4514,22967
876484053909872640,2324,18295
876120275196170240,4555,27252
875747767867523072,4170,24572
875144289856114688,4810,21399
875097192612077568,5896,26745
875021211251597312,4604,24870
874680097055178752,4530,27162
874434818259525634,14333,0
874296783580663808,4011,25443
874057562936811520,3856,22180
874012996292530176,10155,33735
873580283840344065,3846,23654
873337748698140672,1549,0
873213775632977920,1549,7071
872967104147763200,5287,26718
872820683541237760,3619,14406
872620804844003328,3614,20333
872486979161796608,8833,39817
872122724285648897,7968,33647
871879754684805121,10929,37126
871762521631449091,3414,19855
871515927908634625,3394,19794
871166179821445120,5590,0
871102520638267392,5412,20534
871032628920680449,3749,22246
870804317367881728,6098,32992
870726314365509632,3,117
870656317836468226,2597,12169
870374049280663552,25826,81260
870308999962521604,4091,21469
870063196459192321,8221,35975
869772420881756160,9895,41720
869702957897576449,6257,27765
869596645499047938,3097,15726
869227993411051520,3747,20147
868880397819494401,14303,64571
868639477480148993,2066,0
868622495443632128,5238,26345
868552278524837888,2066,9980
867900495410671616,4136,23852
867774946302451713,7274,33515
867421006826221569,2476,15915
867072653475098625,119,0
867051520902168576,7796,31840
866720684873056260,4772,19827
866686824827068416,3453,19052
866450705531457537,35066,120826
866334964761202691,14333,51945
866094527597207552,8312,0
865718153858494464,5587,25376
865359393868664832,4978,26194
865006731092295680,7654,27738
864873206498414592,8681,31967
864279568663928832,3016,14489
864197398364647424,8898,29870
863907417377173506,4125,20448
863553081350529029,4172,15191
863471782782697472,2439,0
863432100342583297,5227,23638
863427515083354112,96,2238
863079547188785154,1102,8713
863062471531167744,2439,8460
862831371563274240,5105,19048
862722525377298433,3525,16960
862457590147678208,4962,20388
862096992088072192,23292,73998
861383897657036800,10725,35948
861288531465048066,4169,17105
861005113778896900,3807,16634
860981674716409858,2169,0
860924035999428608,820,0
860563773140209665,2169,7486
860524505164394496,5311,23537
860276583193509888,3491,18260
860184849394610176,5889,16650
860177593139703809,31067,0
859924526012018688,4107,19508
859851578198683649,3535,15391
859607811541651456,1583,18570
859196978902773760,30427,89735
859074603037188101,13729,33854
858860390427611136,8219,0
858843525470990336,3515,15557
858471635011153920,4883,21530
858107933456039936,2927,15734
857989990357356544,2612,16156
857746408056729600,10774,34322
857393404942143489,1662,5914
857263160327368704,4572,20078
857214891891077121,18,228
857062103051644929,173,0
857029823797047296,4064,18985
856602993587888130,10859,0
856543823941562368,2929,16339
856526610513747968,1915,11895
856330835276025856,689,0
856288084350160898,17,523
856282028240666624,6444,27880
855862651834028034,26,347
855860136149123072,1044,5054
855857698524602368,2150,11940
855851453814013952,18094,45819
855818117272018944,5549,26806
855459453768019968,8382,30137
855245323840757760,6110,0
855138241867124737,46,0
854732716440526848,6248,23053
854482394044301312,7043,29603
854365224396361728,4802,19099
854120357044912130,7680,32360
854010172552949760,3232,16401
853760880890318849,5941,28962
853639147608842240,10425,35285
853299958564483072,3673,15752
852936405516943360,2069,0
852912242202992640,1892,9200
852672615818899456,2224,15164
852553447878664193,3621,16614
852311364735569921,10203,33679
852226086759018497,7012,20348
852189679701164033,1638,11656
851953902622658560,9956,0
851861385021730816,23,0
851591660324737024,3583,16525
851464819735769094,7332,24740
851224888060895234,5931,21094
850753642995093505,9610,31585
850380195714523136,2719,13343
850333567704068097,348,3515
850145622816686080,3965,16679
850019790995546112,5077,20896
849776966551130114,7899,31166
849668094696017920,5143,0
849412302885593088,3266,16244
849336543269576704,1963,11688
849051919805034497,8853,43448
848690551926992896,4494,25828
848324959059550208,4786,25373
848213670039564288,777,8384
848212111729840128,3197,16736
847978865427394560,3394,0
847971574464610304,444,0
847962785489326080,5312,24113
847842811428974592,1390,5607
847617282490613760,441,7180
847606175596138505,3550,19285
847251039262605312,4477,21014
847157206088847362,6117,20482
847116187444137987,3337,21994
846874817362120707,4101,20617
846514051647705089,12136,45880
846505985330044928,3216,14504
846153765933735936,9498,32607
846139713627017216,10370,31797
846042936437604353,3027,16466
845812042753855489,9142,30151
845677943972139009,5011,25893
845397057150107648,1893,7867
845306882940190720,5653,24037
845098359547420673,8025,0
844979544864018432,2702,14036
844973813909606400,3374,15578
844704788403113984,10859,39922
844580511645339650,3294,17011
844223788422217728,2314,14054
843981021012017153,3076,15625
843856843873095681,4868,22121
843604394117681152,2893,17423
843235543001513987,6359,22231
842846295480000512,3793,15722
842765311967449089,1342,6974
842535590457499648,3693,18691
842163532590374912,6110,25289
842115215311396866,3196,14481
841833993020538882,16134,0
841680585030541313,8171,26539
841439858740625411,3883,13066
841320156043304961,5745,20462
841314665196081154,4946,16384
841077006473256960,5590,23684
840761248237133825,1850,0
840728873075638272,17032,0
840698636975636481,2,182
840696689258311684,1037,12730
840632337062862849,1850,9290
840370681858686976,4805,17049
840268004936019968,6056,19962
839990271299457024,2419,13910
839549326359670784,8219,28521
839290600511926273,149,0
839239871831150596,6910,28204
838952994649550848,4204,20334
838921590096166913,2189,11597
838916489579200512,36,0
838831947270979586,11689,0
838561493054533637,1401,11337
838476387338051585,5082,23419
838201503651401729,10676,0
838150277551247360,353,1746
838085839343206401,1,147
838083903487373313,3340,18288
837820167694528512,8312,35498
837482249356513284,466,3985
837471256429613056,2418,13271
837366284874571778,5623,21986
837110210464448512,2532,16650
836989968035819520,2435,13210
836753516572119041,4891,20013
836677758902222849,2356,13115
836648853927522308,577,0
836397794269200385,29370,0
836380477523124226,3151,15331
836260088725786625,4545,22113
836001077879255040,4547,19863
835685285446955009,8650,0
835574547218894849,3843,18519
835536468978302976,1808,0
835309094223372289,22317,0
835297930240217089,3187,17095
835264098648616962,1808,8045
835246439529840640,77,2175
835172783151792128,6101,27208
835152434251116546,3206,23387
834931633769889797,1752,11257
834786237630337024,5845,22075
834574053763584002,2691,14240
834477809192075265,11356,0
834458053273591808,1786,10016
834209720923721728,5088,21461
834167344700198914,3870,16423
834089966724603904,2260,10473
834086379323871233,2359,13612
833863086058651648,2551,13971
833826103416520705,3968,18763
833732339549220864,227,0
833722901757046785,3414,21602
833479644947025920,2188,15479
833124694597443584,5143,21054
832998151111966721,2359,13851
832769181346996225,39,0
832757312314028032,3856,17541
832682457690300417,3122,12382
832645525019123713,553,3042
832636094638288896,2965,16511
832397543355072512,2370,12452
832369877331693569,3394,17914
832273440279240704,2484,11791
832215909146226688,6598,0
832215726631055365,9988,0
832088576586297345,2,69
832040443403784192,10342,0
832032802820481025,4952,18604
831939777352105988,6537,25035
831926988323639298,35,357
831911600680497154,6954,28863
831670449226514432,1932,10911
831650051525054464,2069,7495
831552930092285952,2451,9380
831322785565769729,1637,9631
831315979191906304,1192,6822
831309418084069378,2614,12253
831262627380748289,2188,12437
830956169170665475,1590,8324
830583320585068544,17951,69854
830173239259324417,6090,0
830097400375152640,3201,10250
829878982036299777,5370,0
829861396166877184,2091,12785
829501995190984704,11356,33165
829449946868879360,2163,10939
829374341691346946,9956,36161
829141528400556032,7920,25592
829011960981237760,17349,55427
828801551087042563,3631,0
828770345708580865,6269,26712
828708714936930305,12016,38263
828650029636317184,1442,9926
828409743546925057,1232,6599
828408677031882754,1377,8022
828381636999917570,2379,13212
828376505180889089,1142,7719
828372645993398273,3162,13121
828361771580813312,181,2295
828046555563323392,3063,12310
828011680017821696,2299,10842
827933404142436356,5593,21057
827653905312006145,3219,16146
827600520311402496,1018,7746
827324948884643840,3271,16616
827199976799354881,2404,11072
826958653328592898,5370,22605
826848821049180160,10959,38199
826615380357632002,4236,0
826598799820865537,270,5363
826598365270007810,2516,10561
826476773533745153,4498,19316
826240494070030336,2778,13899
826204788643753985,999,5111
826115272272650244,3365,16412
825876512159186944,2006,10975
825829644528148480,2671,13352
825535076884762624,18459,54668
825147591692263424,4906,19203
825120256414846976,1367,0
825026590719483904,1367,6655
824796380199809024,5900,0
824775126675836928,3777,15704
824663926340194305,1859,10577
824325613288833024,11168,12381
824297048279236611,4156,15813
824025158776213504,631,5011
823939628516474880,2907,11172
823719002937630720,12054,0
823699002998870016,2592,13227
823581115634085888,2846,13684
823333489516937216,27,733
823322678127919110,4322,16536
823269594223824897,10596,0
822975315408461824,3702,18176
822872901745569793,47164,139001
822859134160621569,2461,13906
822647212903690241,6893,0
822610361945911296,3187,15542
822489057087389700,6893,19099
822462944365645825,15744,29883
822244816520155136,10596,36824
822163064745328640,5166,0
821886076407029760,2519,11925
821813639212650496,3601,0
821765923262631936,1789,8856
821522889702862852,1912,8445
821421320206483457,6031,0
821407182352777218,4677,12396
821153421864615936,10,267
821149554670182400,2172,9155
821107785811234820,2295,10083
821044531881721856,2470,13321
820837357901512704,7226,0
820749716845686786,10676,33197
820690176645140481,3469,12838
820494788566847489,608,0
820446719150292993,2784,0
820314633777061888,608,3509
820078625395449857,6782,20867
820013781606658049,1276,0
819952236453363712,1276,5600
819924195358416896,5212,13554
819711362133872643,3374,14176
819588359383371776,2124,10096
819347104292290561,1301,7607
819238181065359361,436,2411
819227688460238848,7226,24311
819015337530290176,39691,0
819015331746349057,20449,0
819006400881917954,20449,47622
819004803107983360,39691,91340
818646164899774465,22527,0
818627210458333184,8057,23393
818614493328580609,2784,10382
818588835076603904,6632,0
818536468981415936,2673,11504
818307523543449600,8780,0
818259473185828864,2471,11618
818145370475810820,2802,12950
817908911860748288,852,5112
817827839487737858,29370,54598
817777686764523521,2892,11301
817536400337801217,3283,12433
817502432452313088,3664,0
817423860136083457,16134,35993
817415592588222464,1040,5915
817181837579653120,9175,0
817171292965273600,2177,9215
817120970343411712,2830,12861
817056546584727552,1782,9050
816829038950027264,5093,0
816816676327063552,2190,10578
816697700272001025,2384,10347
816450570814898180,8780,32219
816336735214911488,2115,9079
816091915477250048,2333,9442
816062466425819140,1127,0
816014286006976512,5742,0
815990720817401858,1127,5271
815966073409433600,9175,23662
815745968457060357,4469,0
815736392542261248,2459,10396
815639385530101762,1775,8672
815390420867969024,4118,10940
814986499976527872,1387,8078
814638523311648768,2932,11899
814578408554463233,6273,0
814530161257443328,2009,9142
814153002265309185,9393,30416
813944609378369540,3456,0
813910438903693312,2031,9827
813812741911748608,15171,38463
813800681631023104,1902,8822
813217897535406080,7911,19743
813202720496779264,1952,9719
813187593374461952,4723,20986
813172488309972993,2073,9863
813157409116065792,2403,8206
813142292504645637,2553,8932
813130366689148928,481,4726
813127251579564032,3389,12542
813112105746448384,2980,10922
813096984823349248,3894,11144
813081950185472002,2998,10452
813066809284972545,2101,8420
813051746834595840,7946,22166
812781120811126785,2073,8035
812709060537683968,1544,7007
812503143955202048,1323,6422
812466873996607488,2093,8450
812372279581671427,3975,14483
811985624773361665,1523,7683
811744202451197953,1736,7987
811647686436880384,804,5916
811627233043480576,3378,13526
811386762094317568,6917,22134
810984652412424192,1556,5645
810896069567610880,1936,9588
810657578271330305,2868,11623
810284430598270976,12354,37459
810254108431155201,3631,15546
809920764300447744,4236,16399
809808892968534016,5305,0
809448704142938112,1590,7344
809220051211603969,6090,21107
809084759137812480,3808,14013
808838249661788160,3303,10712
808733504066486276,2350,8386
808501579447930884,2813,11945
808344865868283904,22527,45027
808134635716833280,6440,0
808106460588765185,2380,9275
808001312164028416,3843,13315
807621403335917568,3980,15431
807106840509214720,60336,125727
807059379405148160,7934,0
807010152071229440,4157,13827
806629075125202948,37768,79522
806620845233815552,5997,0
806576416489959424,2087,5147
806542213899489280,2562,10831
806242860592926720,12657,0
806219024703037440,1292,6813
805958939288408065,5841,0
805932879469572096,2075,8770
805826884734976000,1987,6980
805823200554876929,8722,0
805520635690676224,1788,6098
805487436403003392,2749,9300
805207613751304193,1847,8270
804738756058218496,4169,14548
804475857670639616,2184,6504
804413760345620481,3498,0
804026241225523202,17629,47266
803773340896923648,3005,10656
803692223237865472,8064,0
803638050916102144,4476,11634
803380650405482500,2013,8228
803321560782307329,5759,0
803276597545603072,2670,10637
802952499103731712,2181,9582
802624713319034886,3171,0
802600418706604034,1598,7545
802572683846291456,2712,9489
802323869084381190,6331,17221
802265048156610565,1483,7011
802239329049477120,2836,9622
802185808107208704,286,0
801958328846974976,1853,8183
801854953262350336,254,1871
801538201127157760,2224,8708
801285448605831168,901,6420
801167903437357056,6440,26016
801127390143516673,4293,0
801115127852503040,2269,8573
800859414831898624,103,733
800855607700029440,1771,0
800751577355128832,3007,11149
800513324630806528,3273,13943
800459316964663297,2341,10050
800443802682937345,4680,0
800388270626521089,3050,11828
800188575492947969,4288,0
800141422401830912,2784,16257
800018252395122689,14300,30117
799774291445383169,5079,0
799757965289017345,2350,8910
799422933579902976,2078,8547
799308762079035393,5983,0
799297110730567681,3004,10506
799063482566066176,2678,8564
798933969379225600,4856,13950
798925684722855936,1549,7908
798705661114773508,7162,0
798701998996647937,8459,0
798697898615730177,7059,0
798694562394996736,5377,0
798686750113755136,2515,0
798682547630837760,5119,0
798673117451325440,6019,0
798665375516884993,4235,0
798644042770751489,2010,0
798628517273620480,2133,0
798585098161549313,6196,0
798576900688019456,6351,0
798340744599797760,3642,0
798209839306514432,2772,11017
797971864723324932,3416,12363
797545162159308800,5268,15406
797236660651966464,7214,21204
797165961484890113,29,245
796904159865868288,9650,0
796865951799083009,2068,8139
796759840936919040,3314,12594
796563435802726400,7931,0
796484825502875648,1913,8043
796387464403357696,4524,11682
796177847564038144,15541,0
796149749086875649,15541,34297
796125600683540480,1942,5254
796116448414461957,2623,9669
796080075804475393,2515,8990
796031486298386433,3995,11497
795464331001561088,25876,52815
795400264262053889,3119,10708
795076730285391872,5900,17233
794983741416415232,3664,0
794926597468000259,2503,10916
794355576146903043,11180,0
794332329137291264,2885,10174
794205286408003585,3599,9781
793962221541933056,5305,17846
793845145112371200,2034,9788
793614319594401792,3385,0
793601777308463104,1769,8465
793500921481273345,2582,11357
793286476301799424,9988,26100
793271401113350145,2580,9194
793256262322548741,9063,21207
793241302385262592,3556,11158
793226087023144960,3110,10447
793210959003287553,3048,9486
793195938047070209,6116,16227
793180763617361921,2164,7361
793165685325201412,3020,10004
793150605191548928,1847,6553
793135492858580992,2710,6864
793120401413079041,4246,13473
792913359805018113,4361,15223
792883833364439040,4644,12014
792773781206999040,1823,7791
792394556390137856,4658,14280
792050063153438720,1961,7617
791821351946420224,22827,0
791784077045166082,10439,0
791780927877898241,4138,0
791774931465953280,24116,47878
791672322847637504,3385,12456
791406955684368384,4469,13917
791312159183634433,2757,9328
791026214425268224,4460,0
790987426131050500,2319,10483
790946055508652032,5093,17645
790723298204217344,2511,0
790698755171364864,2076,8696
790581949425475584,7804,21945
790337589677002753,2021,8296
790277117346975746,3456,13327
790227638568808452,3877,0
789986466051088384,2511,9804
789960241177853952,4482,0
789903600034189313,4479,11015
789628658055020548,1932,7965
789599242079838210,2100,7176
789530877013393408,3664,12474
789314372632018944,2506,9137
789280767834746880,5366,0
789268448748703744,2809,9670
789137962068021249,3039,10290
788908386943430656,13437,29065
788765914992902144,11180,29093
788552643979468800,7812,0
788412144018661376,5743,16524
788178268662984705,2298,7660
788150585577050112,1414,6515
788070120937619456,3710,0
788039637453406209,1435,6514
787810552592695296,3318,9191
787717603741622272,3021,10841
787397959788929025,3075,11508
787322443945877504,1899,8255
787111942498508800,7299,0
786963064373534720,8650,28179
786729988674449408,2604,0
786709082849828864,6598,19264
786664955043049472,2771,11289
786595970293370880,3358,9976
786363235746385920,3791,11540
786286427768250368,3100,8430
786233965241827333,5166,16197
786051337297522688,166,1519
786036967502913536,7644,0
785927819176054784,3429,12036
785872687017132033,1971,7074
785639753186217984,2400,8273
785533386513321988,2171,9635
785515384317313025,1359,6452
785264754247995392,1762,7688
785170936622350336,5258,12785
784826020293709826,3498,10733
784517518371221505,2743,9479
784431430411685888,1388,6029
784183165795655680,8722,21283
784057939640352768,12054,31594
783839966405230592,11689,31776
783821107061198850,2114,7775
783695101801398276,3490,11046
783466772167098368,2433,8943
783391753726550016,5954,17837
783347506784731136,6050,0
783334639985389568,12657,30884
783085703974514689,2399,8606
782969140009107456,7934,25499
782747134529531904,1508,7904
782722598790725632,5841,18277
782598640137187329,2022,8243
782305867769217024,6031,17609
782021823840026624,6734,0
781955203444699136,3633,11752
781661882474196992,2927,11034
781655249211752448,1210,4223
781524693396357120,5997,21931
781308096455073793,2748,7525
781251288990355457,2262,8911
781163403222056960,2954,10334
780931614150983680,7931,22882
780858289093574656,2163,7600
780800785462489090,1404,5809
780601303617732608,3601,12769
780543529827336192,1864,6652
780496263422808064,3995,0
780476555013349377,125,0
780459368902959104,1154,5592
780192070812196864,2413,9196
780092040432480260,2485,0
780074436359819264,5389,12922
779834332596887552,7644,20030
779377524342161408,3360,9318
779124354206535695,19871,0
779123168116150273,3940,12456
779056095788752897,4878,15616
778990705243029504,7831,21099
778774459159379968,10748,0
778764940568104960,395,909
778748913645780993,1431,7278
778650543019483137,1616,6088
778624900596654080,1088,4910
778408200802557953,4691,14410
778396591732486144,13199,0
778383385161035776,1198,6175
778286810187399168,3556,10957
778039087836069888,2830,8932
778027034220126208,1749,6909
777953400541634568,3800,0
777885040357281792,1774,6718
777684233540206592,3171,11849
777641927919427584,4576,0
777621514455814149,2683,9244
777189768882946048,4655,15112
776819012571455488,14831,0
776813020089548800,1305,5149
776477788987613185,3006,9315
776249906839351296,9853,0
776218204058357768,17212,31621
776201521193218049,2714,10131
776113305656188928,4680,12390
776088319444877312,163,1928
775898661951791106,17713,0
775842724423557120,2879,12347
775733305207554048,4293,14601
775729183532220416,4914,13611
775364825476165632,3200,7828
775350846108426240,4191,10710
775085132600442880,5079,16387
774757898236878852,1902,9010
774639387460112384,1856,7089
774314403806253056,5983,22951
773985732834758656,4166,11307
773922284943896577,1861,6741
773704687002451968,1742,6959
773670353721753600,1394,5603
773547596996571136,6632,23268
773336787167145985,5465,0
773308824254029826,8025,24479
773247561583001600,3460,9916
773191612633579521,4417,10516
772877495989305348,4157,9028
772826264096874500,2513,8436
772615324260794368,3622,0
772581559778025472,1813,6830
772193107915964416,1491,6343
772152991789019136,1200,3983
772117678702071809,790,3956
772114945936949249,504,2859
772102971039580160,996,4217
771908950375665664,2037,6915
771770456517009408,3642,12628
771500966810099713,2817,8701
771380798096281600,5465,11055
771171053431250945,8112,0
771136648247640064,3145,9653
771102124360998913,1547,6573
771014301343748096,1771,7222
771004394259247104,234,0
770787852854652928,1299,5204
770772759874076672,1513,5462
770655142660169732,1870,7710
770414278348247044,2220,6615
770293558247038976,1600,6556
770093767776997377,3260,0
770069151037685760,2461,7958
769940425801170949,10342,33024
769695466921623552,1771,6720
769335591808995329,8242,0
769212283578875904,1836,5682
768970937022709760,7012,15154
768909767477751808,2883,0
768855141948723200,954,4413
768609597686943744,1294,4330
768596291618299904,1369,5278
768554158521745409,6245,0
768473857036525572,3669,14328
768193404517830656,3800,11470
767884188863397888,1502,4990
767754930266464257,5759,16848
767500508068192258,2500,7861
767191397493538821,4070,12888
767122157629476866,3051,10637
766864461642756096,6041,0
766793450729734144,1453,5338
766714921925144576,414,2735
766693177336135680,847,4235
766423258543644672,1707,6324
766313316352462849,2018,7131
766078092750233600,2783,0
766069199026450432,916,4475
766008592277377025,528,3935
765719909049503744,2295,7604
765669560888528897,1303,5465
765395769549590528,3637,27780
765371061932261376,2315,7444
765222098633691136,3622,12192
764857477905154048,1898,6756
764259802650378240,1620,6352
763956972077010945,58,782
763837565564780549,4460,13232
763183847194451968,1575,5667
763167063695355904,3229,0
763103485927849985,2448,7716
762699858130116608,3877,12763
762471784394268675,6915,11823
762464539388485633,4482,10816
762316489655476224,1203,5050
762035686371364864,16712,33529
761976711479193600,2160,5667
761750502866649088,4208,0
761745352076779520,920,4466
761672994376806400,31067,51980
761599872357261312,1257,4334
761371037149827077,19226,0
761334018830917632,1550,5452
761292947749015552,1172,4683
761227390836215808,1664,5572
761004547850530816,3710,11864
760893934457552897,1039,4007
760656994973933572,2055,6934
760641137271070720,1380,5205
760539183865880579,3888,7941
760521673607086080,1493,4432
760290219849637889,12273,28117
760252756032651264,925,4130
760190180481531904,1935,5969
760153949710192640,33,0
759943073749200896,2231,6223
759923798737051648,6041,15369
759846353224826880,2121,7031
759793422261743616,2029,6250
759566828574212096,22582,0
759557299618865152,1252,4918
759447681597108224,2604,8897
759446261539934208,518,1753
759197388317847553,2078,6336
759159934323924993,1239,0
759099523532779520,4452,15217
759047813560868866,2162,6814
758854675097526272,956,3722
758828659922702336,4087,11698
758740312047005698,1716,5992
758474966123810816,1059,4005
758467244762497024,2373,5024
758405701903519748,2058,5442
758355060040593408,1157,3589
758099635764359168,10748,20091
758041019896193024,400,2834
757741869644341248,3469,7216
757729163776290825,8658,0
757725642876129280,1295,4744
757611664640446465,1192,4790
757597904299253760,312,0
757596066325864448,1129,4543
757400162377592832,7305,15839
757393109802180609,1863,6101
757354760399941633,1522,4727
756998049151549440,2124,6572
756939218950160384,2145,6957
756651752796094464,1394,5299
756526248105566208,3854,10880
756303284449767430,1159,4126
756288534030475264,18617,44849
756275833623502848,1620,6712
755955933503782912,3085,7663
755206590534418437,5748,17211
755110668769038337,11825,22217
754874841593970688,8542,0
754856583969079297,2691,7184
754747087846248448,553,2698
754482103782404096,2082,5545
754449512966619136,779,3918
754120377874386944,2487,8200
753655901052166144,2318,6114
753420520834629632,3804,8299
753398408988139520,2049,6034
753375668877008896,2485,7982
753298634498793472,6138,0
753294487569522689,1116,3544
753039830821511168,22317,38835
753026973505581056,1042,4080
752932432744185856,7299,13203
752917284578922496,1679,7216
752701944171524096,3084,0
752682090207055872,1712,6254
752660715232722944,1673,4602
752568224206688256,2434,5771
752519690950500352,3680,7697
752334515931054080,1177,3993
752309394570878976,17815,0
752173152931807232,1963,6219
751950017322246144,992,3217
751937170840121344,1437,5442
751830394383790080,2083,6055
751793661361422336,3097,6116
751598357617971201,3241,8251
751583847268179968,1181,4597
751538714308972544,1350,5265
751456908746354688,1068,3352
751251247299190784,6254,13044
751205363882532864,1954,6586
751132876104687617,1384,5295
750868782890057730,1473,4994
750719632563142656,5366,13790
750506206503038976,1219,4639
750429297815552001,4576,13757
750383411068534784,1213,4756
750381685133418496,30,724
750147208377409536,1022,3248
750132105863102464,1362,3800
750117059602808832,1379,4522
750101899009982464,898,3174
750086836815486976,574,2270
750071704093859840,3555,8207
750056684286914561,953,3285
750041628174217216,657,3315
750026558547456000,838,2824
750011400160841729,966,3391
749996283729883136,859,3175
749981277374128128,2607,5329
749774190421639168,1395,4862
749417653287129088,1766,6366
749403093750648834,577,2742
749395845976588288,3683,8968
749317047558017024,2352,5719
749075273010798592,2200,6004
749064354620928000,1610,4991
749036806121881602,831,3239
748977405889503236,3614,11191
748932637671223296,2402,6087
748705597323898880,1003,2882
748699167502000129,1696,4933
748692773788876800,1409,4422
748575535303884801,2099,6323
748568946752774144,711,2282
748346686624440324,1314,5442
748337862848962560,4371,7998
748324050481647620,810,3856
748307329658011649,754,3821
748220828303695873,8273,14741
747963614829678593,2268,6017
747933425676525569,2707,6899
747885874273214464,1044,3070
747844099428986880,795,2928
747816857231626240,1230,5041
747651430853525504,164,1442
747648653817413632,6196,13431
747600769478692864,583,2418
747594051852075008,1114,3850
747512671126323200,1681,5763
747461612269887489,1090,4021
747439450712596480,2040,5647
747242308580548608,3047,0
747219827526344708,1671,5506
747204161125646336,975,3515
747103485104099331,4228,9971
746906459439529985,312,3001
746872823977771008,2278,6239
746818907684614144,1828,5521
746790600704425984,1681,5071
746757706116112384,4138,9951
746726898085036033,1896,6279
746542875601690625,1983,5242
746521445350707200,1039,0
746507379341139972,1144,4826
746369468511756288,1740,6419
746131877086527488,2335,7188
746056683365994496,861,3684
745789745784041472,1127,4184
745712589599014916,2461,7263
745433870967832576,2687,7375
745422732645535745,2566,8931
745314880350101504,2936,7464
745074613265149952,3731,8138
745057283344719872,2410,7519
744995568523612160,656,3086
744971049620602880,2852,8190
744709971296780288,1646,5818
744334592493166593,2254,7034
744234799360020481,82762,162654
744223424764059648,390,1748
743980027717509120,1151,4317
743895849529389061,1013,3777
743835915802583040,2199,0
743609206067040256,1453,4650
743595368194129920,6935,19148
743545585370791937,985,3656
743510151680958465,3918,8218
743253157753532416,1288,4389
743222593470234624,2004,6432
743210557239623680,1441,3996
742534281772302336,3752,7323
742528092657332225,2107,4594
742465774154047488,4113,7536
742423170473463808,3995,10200
742385895052087300,2096,7065
742161199639494656,1453,4508
742150209887731712,1642,5332
741793263812808706,1588,4729
741743634094141440,2916,8493
741438259667034112,877,3809
741303864243200000,3402,9102
741099773336379392,5856,10408
741067306818797568,3260,9814
740995100998766593,2925,6623
740711788199743490,987,3535
740699697422163968,823,2943
740676976021798912,7162,18835
740373189193256964,14034,36101
740365076218183684,455,2569
740359016048689152,900,3424
740214038584557568,2072,6932
739979191639244800,6245,20716
739932936087216128,1135,4206
739844404073074688,898,3934
739623569819336705,1434,3939
739606147276148736,1745,5577
739544079319588864,22582,41117
739485634323156992,3094,7441
739238157791694849,61268,120209
738891149612572673,6,112
738885046782832640,1204,3909
738883359779196928,854,3457
738537504001953792,1637,5286
738402415918125056,885,3371
738184450748633089,1267,4478
738166403467907072,3585,9123
738156290900254721,688,2619
737826014890496000,1854,5468
737800304142471168,3645,10350
737678689543020544,1399,5220
737445876994609152,4697,10653
737322739594330112,852,3739
737310737551491075,7825,15223
736736130620620800,1828,4457
736392552031657984,7812,18382
736365877722001409,1317,4130
736225175608430592,2916,8425
736010884653420544,3133,8165
735991953473572864,1213,3729
735648611367784448,1159,4144
735635087207878657,2469,6404
735274964362878976,5344,13483
735256018284875776,933,3458
735137028879360001,1018,3234
734912297295085568,545,2835
734787690684657664,6634,13011
734776360183431168,571,2602
734559631394082816,416,1543
733828123016450049,818,3707
733822306246479872,1061,3792
733482008106668032,993,3260
733460102733135873,1342,4348
733109485275860992,17713,50976
732732193018155009,559,2520
732726085725589504,927,3661
732585889486888962,815,3805
732375214819057664,2650,8374
732005617171337216,5742,15448
731285275100512256,1032,3614
731156023742988288,1338,3965
730924654643314689,2082,6345
730573383004487680,2258,5085
730427201120833536,1100,3589
730211855403241472,1108,3955
730196704625098752,2025,5040
729854734790754305,1184,4179
729838605770891264,405,1764
729823566028484608,1304,4127
729463711119904772,2434,6005
729113531270991872,344,1952
728986383096946689,857,3258
728760639972315136,1790,4837
728751179681943552,709,2870
728653952833728512,1086,3423
728409960103686147,2103,5074
728387165835677696,1005,3800
728046963732717569,1239,4454
728035342121635841,1753,4706
728015554473250816,1155,4237
727685679342333952,665,3038
727644517743104000,1831,6099
727524757080539137,1280,4622
727314416056803329,785,3447
727286334147182592,856,3145
727175381690781696,1450,4022
727155742655025152,1396,3764
726935089318363137,2576,7116
726887082820554753,1585,3969
726828223124897792,1046,3673
726224900189511680,1203,4562
725842289046749185,2783,7280
725786712245440512,1428,4300
725729321944506368,1876,5365
725458796924002305,653,1455
724983749226668032,1369,3836
724771698126512129,673,2454
724405726123311104,1724,5477
724049859469295616,1856,4465
724046343203856385,590,2750
724004602748780546,1647,4326
723912936180330496,1290,4029
723688335806480385,3121,7948
723673163800948736,934,3124
723179728551723008,1967,5466
722974582966214656,1645,4231
722613351520608256,1720,5130
721503162398597120,1965,4805
721001180231503872,645,2615
720785406564900865,804,3220
720775346191278080,710,2568
720415127506415616,1576,4274
720389942216527872,2636,6605
720340705894408192,1027,2963
720059472081784833,1176,4019
720043174954147842,2101,5072
719991154352222208,1830,4991
719704490224398336,1515,4708
719551379208073216,2025,5228
719367763014393856,777,2878
719339463458033665,1309,4553
719332531645071360,1000,3534
718971898235854848,1147,3604
718939241951195136,1848,5411
718631497683582976,8459,19488
718613305783398402,503,2516
718540630683709445,1064,2553
718460005985447936,549,2787
718454725339934721,1583,5029
718246886998687744,521,1993
718234618122661888,1054,4001
717841801130979328,621,2537
717790033953034240,1183,2982
717537687239008257,1926,5939
717428917016076293,472,1662
717421804990701568,877,3256
717047459982213120,2008,6478
717009362452090881,1021,3372
716802964044845056,1239,4430
716791146589110272,1606,7491
716730379797970944,449,1274
716447146686459905,6194,13520
716439118184652801,219,2444
716285507865542656,1137,2873
716080869887381504,2013,6949
715928423106027520,917,3295
715758151270801409,1500,3849
715733265223708672,1768,4828
715704790270025728,593,2889
715696743237730304,1351,4031
715680795826982913,1701,4471
715360349751484417,1650,5655
715342466308784130,719,3137
715220193576927233,686,2499
715200624753819648,1979,5297
715009755312439296,1295,4305
714982300363173890,1079,3880
714962719905021952,4480,7606
714957620017307648,1485,4267
714631576617938945,1052,3379
714606013974974464,970,3755
714485234495041536,1213,2796
714258258790387713,753,3132
714251586676113411,876,3380
714214115368108032,922,2349
714141408463036416,1472,4462
713919462244790272,815,3391
713909862279876608,568,1981
713900603437621249,774,2939
713761197720473600,1442,5045
713411074226274305,1358,4568
713177543487135744,2962,7458
713175907180089344,1530,4614
712809025985978368,7059,19184
712717840512598017,5249,12773
712668654853337088,1274,4305
712438159032893441,1641,5512
712309440758808576,25,252
712097430750289920,1089,3924
712092745624633345,939,3044
712085617388212225,507,3365
712065007010385924,659,2347
711998809858043904,131,0
711968124745228288,2428,8343
711743778164514816,1032,2941
711732680602345472,4335,9187
711694788429553666,19226,33980
711652651650457602,963,4001
711363825979756544,1189,3793
711306686208872448,769,3424
711008018775851008,645,3099
710997087345876993,1455,4713
710844581445812225,724,2640
710833117892898816,559,2786
710658690886586372,591,2389
710609963652087808,2478,4963
710588934686908417,1963,4701
710296729921429505,776,2454
710283270106132480,541,2217
710272297844797440,1315,4702
710269109699739648,1182,2485
710153181850935296,935,3011
710140971284037632,931,2863
710117014656950272,2093,5689
709918798883774466,1117,3095
709901256215666688,105,697
709852847387627521,1255,3633
709566166965075968,1262,3665
709556954897764353,1114,3409
709519240576036864,245,1540
709449600415961088,605,2314
709409458133323776,722,2710
709225125749587968,599,2496
709207347839836162,6141,13023
709198395643068416,671,2512
709179584944730112,699,2079
709158332880297985,440,2116
709042156699303936,1720,4925
708853462201716736,690,1856
708845821941387268,943,3093
708834316713893888,530,1754
708810915978854401,7297,17075
708738143638450176,859,2841
708711088997666817,755,2645
708479650088034305,704,2642
708469915515297792,858,3200
708400866336894977,10653,16557
708356463048204288,1392,3731
708349470027751425,771,2434
708149363256774660,1610,4426
708130923141795840,880,3516
708119489313951744,1027,2775
708109389455101952,568,2000
708026248782585858,2010,4521
707995814724026368,1179,3241
707983188426153984,2,51
707969809498152960,1019,2798
707776935007539200,994,3402
707741517457260545,644,2586
707738799544082433,2607,4243
707693576495472641,1050,3558
707629649552134146,927,2671
707610948723478529,6734,17567
707420581654872064,725,2359
707411934438625280,622,2372
707387676719185920,1362,3630
707377100785885184,1135,3402
707315916783140866,674,2567
707297311098011648,830,2874
707059547140169728,710,2676
707038192327901184,832,2265
707021089608753152,1436,4220
707014260413456384,624,2386
706904523814649856,8242,15112
706901761596989440,626,2143
706681918348251136,1018,3451
706644897839910912,1154,2673
706593038911545345,658,2234
706538006853918722,1485,3584
706516534877929472,1084,3209
706346369204748288,968,3574
706310011488698368,8400,22119
706291001778950144,491,1763
706265994973601792,969,2834
706169069255446529,2343,4044
706166467411222528,1687,5333
706153300320784384,401,1538
705975130514706432,770,3216
705970349788291072,931,3248
705898680587526145,582,2457
705786532653883392,550,2013
705591895322394625,1214,3285
705475953783398401,966,3057
705442520700944385,1724,4606
705428427625635840,1770,3950
705239209544720384,781,3109
705223444686888960,846,2669
705102439679201280,536,2235
705066031337840642,634,2252
704871453724954624,1168,4427
704859558691414016,573,2337
704847917308362754,1613,5288
704819833553219584,1043,2737
704761120771465216,3047,6873
704499785726889984,1051,3039
704491224099647488,84,792
704480331685040129,1110,3522
704364645503647744,3734,8311
704347321748819968,364,1652
704134088924532736,493,1563
704113298707505153,592,1920
704054845121142784,952,3030
703774238772166656,487,1906
703769065844768768,1198,3403
703631701117943808,722,2695
703611486317502464,1591,4000
703425003149250560,1451,3934
703407252292673536,732,2541
703382836347330562,1190,3641
703356393781329922,405,1985
703268521220972544,570,2040
703079050210877440,3262,7677
703041949650034688,13199,27337
702932127499816960,759,2688
702899151802126337,477,1673
702684942141153280,1137,3341
702671118226825216,589,2285
702598099714314240,3608,12638
702539513671897089,1007,2981
702332542343577600,1642,3312
702321140488925184,1087,3401
702276748847800320,805,2568
702217446468493312,1403,4978
701981390485725185,1045,3577
701952816642965504,1076,3966
701889187134500865,1448,3680
701805642395348998,1781,3559
701601587219795968,480,2165
701570477911896070,977,2920
701545186879471618,644,2761
701214700881756160,5377,12664
700890391244103680,603,2297
700864154249383937,644,2682
700847567345688576,526,2521
700796979434098688,1008,2526
700747788515020802,9853,23710
700518061187723268,846,2733
700505138482569216,598,2373
700462010979500032,1894,4295
700167517596164096,784,2739
700151421916807169,700,2318
700143752053182464,2883,7810
700062718104104960,731,2749
700029284593901568,612,2150
700002074055016451,1413,3441
699801817392291840,1011,3181
699788877217865730,525,2315
699779630832685056,1311,2873
699775878809702401,636,2030
699691744225525762,4845,10633
699446877801091073,2750,6172
699434518667751424,533,2245
699423671849451520,348,1426
699413908797464576,647,2153
699370870310113280,459,1955
699323444782047232,910,3284
699088579889332224,664,2327
699079609774645248,690,2545
699072405256409088,1251,3119
699060279947165696,1899,3922
699036661657767936,1257,2703
698989035503689728,1034,3503
698953797952008193,956,2802
698907974262222848,658,2635
698710712454139905,716,2567
698703483621523456,399,1507
698635131305795584,356,1337
698549713696649216,651,2412
698355670425473025,477,1941
698342080612007937,995,2346
698262614669991936,2116,4927
698195409219559425,6273,17396
698178924120031232,782,2914
697995514407682048,351,1588
697990423684476929,1363,3412
697943111201378304,722,2489
697881462549430272,1255,3131
697630435728322560,567,1819
697616773278015490,1066,3275
697596423848730625,1326,3151
697575480820686848,524,2117
697516214579523584,1187,2152
697482927769255936,707,2509
697463031882764288,1455,3536
697270446429966336,1964,4850
697259378236399616,1049,3416
697255105972801536,1218,3136
697242256848379904,703,2610
696900204696625153,1074,3304
696894894812565505,708,2427
696886256886657024,1897,5026
696877980375769088,744,2529
696754882863349760,375,1538
696744641916489729,987,2148
696713835009417216,678,2464
696518437233913856,1787,4039
696490539101908992,151,1264
696488710901260288,1084,2634
696405997980676096,1203,3342
696100768806522880,700,2012
695816827381944320,1229,3120
695794761660297217,818,3302
695767669421768709,790,1942
695629776980148225,2213,4736
695446424020918272,1908,4545
695409464418041856,3763,8980
695314793360662529,1542,3776
695095422348574720,649,2741
695074328191332352,1167,2955
695064344191721472,633,1670
695051054296211456,830,2762
694925794720792577,961,2797
694905863685980160,979,2859
694669722378485760,15227,37105
694356675654983680,300,1567
694352839993344000,654,2126
694342028726001664,507,1632
694329668942569472,524,2083
694206574471057408,2138,4338
694183373896572928,980,3062
694001791655137281,1085,3525
693993230313091072,424,1944
693942351086120961,386,1803
693647888581312512,623,2805
693644216740769793,131,1395
693642232151285760,432,2633
693629975228977152,838,2545
693622659251335168,389,1603
693590843962331137,2077,5252
693582294167244802,268,1707
693486665285931008,666,1849
693280720173801472,1301,3497
693267061318012928,857,2480
693262851218264065,524,2324
693231807727280129,769,2981
693155686491000832,3379,8177
693109034023534592,647,1785
693095443459342336,486,1949
692919143163629568,789,2765
692905862751522816,923,2533
692901601640583168,633,1852
692894228850999298,851,2370
692828166163931137,924,2995
692752401762250755,3823,7089
692568918515392513,1617,4522
692535307825213440,1432,3314
692530551048294401,438,1917
692423280028966913,240,1533
692417313023332352,3664,9687
692187005137076224,861,2625
692158366030913536,830,2228
692142790915014657,414,1708
692041934689402880,1344,3533
692017291282812928,1004,2978
691820333922455552,1751,4100
691793053716221953,4435,8436
691756958957883396,1070,3003
691675652215414786,530,2022
691483041324204033,593,2472
691459709405118465,1214,4210
691444869282295808,889,2754
691416866452082688,8064,20048
691321916024623104,693,2675
691096613310316544,929,3071
691090071332753408,353,1778
690989312272396288,3017,6124
690959652130045952,1320,3723
690938899477221376,2100,4277
690932576555528194,1081,3411
690735892932222976,1341,3938
690728923253055490,542,2261
690690673629138944,845,2415
690649993829576704,293,1361
690607260360429569,17,305
690597161306841088,636,2041
690400367696297985,475,1947
690374419777196032,906,3394
690360449368465409,942,2748
690348396616552449,543,1568
690248561355657216,434,1746
690021994562220032,1092,2897
690015576308211712,780,2606
690005060500217858,1783,3811
689999384604450816,394,1484
689993469801164801,478,1517
689977555533848577,470,1424
689905486972461056,728,2516
689877686181715968,1242,3149
689835978131935233,792,2250
689661964914655233,977,3326
689659372465688576,4083,10756
689623661272240129,677,2314
689599056876867584,5836,12068
689557536375177216,483,2128
689517482558820352,1511,3534
689289219123089408,994,2343
689283819090870273,1161,3417
689280876073582592,752,2072
689275259254616065,259,1201
689255633275777024,1140,2656
689154315265683456,1056,3182
689143371370250240,538,2100
688916208532455424,918,2845
688908934925697024,818,2197
688898160958271489,831,2185
688894073864884227,733,2327
688828561667567616,393,1431
688804835492233216,204,1004
688789766343622656,699,2308
688547210804498433,739,2714
688519176466644993,775,2401
688385280030670848,4700,9646
688211956440801280,877,2317
688179443353796608,619,2203
688116655151435777,823,2941
688064179421470721,380,1802
687841446767013888,2670,5678
687826841265172480,1188,2833
687818504314159109,1003,2594
687807801670897665,742,2492
687732144991551489,696,1836
687704180304273409,884,2538
687664829264453632,536,2010
687494652870668288,605,1978
687480748861947905,253,1658
687476254459715584,562,2052
687460506001633280,570,2130
687399393394311168,662,1967
687317306314240000,9650,20872
687312378585812992,2007,4533
687127927494963200,2418,5671
687124485711986689,526,2251
687109925361856513,2605,6041
687102708889812993,1041,2428
687096057537363968,636,2336
686947101016735744,3355,8947
686760001961103360,1456,3662
686749460672679938,1541,3611
686730991906516992,1267,4317
686683045143953408,849,2919
686618349602762752,1440,3833
686606069955735556,573,1973
686394059078897668,716,1807
686386521809772549,928,3385
686377065986265092,594,2295
686358356425093120,717,2280
686286779679375361,1754,4150
686050296934563840,767,2290
686035780142297088,128,1203
686034024800862208,1224,3232
686007916130873345,447,2581
686003207160610816,674,1893
685973236358713344,552,2195
685943807276412928,633,1688
685906723014619143,3079,7809
685681090388975616,134,2111
685667379192414208,603,2435
685663452032069632,1541,3384
685641971164143616,826,3046
685547936038666240,16597,34227
685532292383666176,1217,3155
685325112850124800,4208,9844
685321586178670592,680,2752
685315239903100929,1143,3476
685307451701334016,465,2153
685268753634967552,1272,3219
685198997565345792,701,2425
685169283572338688,1503,4249
684969860808454144,398,2459
684959798585110529,3311,7077
684940049151070208,1101,3343
684926975086034944,492,3635
684914660081053696,1548,3651
684902183876321280,560,1955
684880619965411328,867,2184
684830982659280897,22827,36377
684800227459624960,1056,2822
684594889858887680,3730,9264
684588130326986752,1486,4269
684567543613382656,1298,3130
684538444857667585,1008,2742
684481074559381504,1235,4036
684460069371654144,587,2063
684241637099323392,3506,8469
684225744407494656,224,1283
684222868335505415,1453,3979
684200372118904832,1085,2245
684195085588783105,548,1990
684188786104872960,1243,3615
684177701129875456,710,2094
684147889187209216,1578,3095
684122891630342144,499,2075
684097758874210310,1520,4268
683857920510050305,1180,3949
683852578183077888,370,2003
683849932751646720,1037,2718
683834909291606017,1169,2721
683828599284170753,1121,2914
683773439333797890,1433,3474
683742671509258241,3508,6752
683515932363329536,3084,7631
683498322573824003,1020,3294
683481228088049664,1053,2742
683462770029932544,709,2519
683449695444799489,1702,4051
683391852557561860,2515,7908
683357973142474752,989,3047
683142553609318400,1100,2998
683111407806746624,962,3520
683098815881154561,698,2250
683078886620553216,592,2061
683030066213818368,768,2233
682962037429899265,17634,38351
682808988178739200,190,1843
682788441537560576,1182,2564
682750546109968385,463,1583
682697186228989953,380,1367
682662431982772225,1145,3166
682638830361513985,638,2136
682429480204398592,1232,3566
682406705142087680,1866,7874
682393905736888321,722,2321
682389078323662849,495,1728
682303737705140231,1060,3189
682259524040966145,1281,4329
682242692827447297,1248,3388
682088079302213632,10439,18958
682059653698686977,1785,5141
682047327939461121,1017,3328
682032003584274432,2128,6832
682003177596559360,1624,3277
681981167097122816,1089,2906
681891461017812993,867,2558
681694085539872773,4288,13248
681679526984871937,475,1839
681654059175129088,980,2732
681610798867845120,503,1987
681579835668455424,1375,3685
681523177663676416,6138,14856
681340665377193984,295,1699
681339448655802368,4297,9640
681320187870711809,793,2751
681302363064414209,1934,4094
681297372102656000,1017,3328
681281657291280384,1166,3339
681261549936340994,290,1514
681242418453299201,569,1554
681231109724700672,513,2495
681193455364796417,1565,3858
680970795137544192,707,2519
680959110691590145,2115,4726
680940246314430465,1115,3339
680934982542561280,464,2154
680913438424612864,654,2488
680889648562991104,383,1833
680836378243002368,1406,3589
680805554198020098,698,2236
680801747103793152,871,2457
680798457301471234,1100,2968
680609293079592961,751,2734
680583894916304897,1424,3757
680497766108381184,2010,4394
680494726643068929,510,1784
680473011644985345,787,2644
680440374763077632,535,1512
680221482581123072,306,1514
680206703334408192,1249,2944
680191257256136705,531,2227
680176173301628928,1657,4045
680161097740095489,779,2408
680145970311643136,1847,3748
680130881361686529,1002,2366
680115823365742593,956,2810
680100725817409536,1444,3700
680085611152338944,9455,13246
680070545539371008,928,2676
679877062409191424,683,2048
679872969355714560,699,2261
679862121895714818,655,2546
679854723806179328,1304,2965
679844490799091713,805,2457
679828447187857408,14831,37531
679777920601223168,1175,3194
679736210798047232,837,2166
679729593985699840,868,2240
679722016581222400,495,1711
679530280114372609,2194,4931
679527802031484928,763,2736
679511351870550016,1340,3490
679503373272485890,1554,3246
679475951516934144,672,2164
679462823135686656,19870,32821
679405845277462528,1269,2457
679158373988876288,8542,22145
679148763231985668,1089,2867
679132435750195208,1222,3063
679111216690831360,2697,6164
679062614270468097,8658,17616
679047485189439488,714,2325
679001094530465792,1305,2918
678991772295516161,1241,2397
678969228704284672,486,1698
678800283649069056,952,2665
678798276842360832,1251,3584
678774928607469569,967,2890
678767140346941444,1440,3653
678764513869611008,502,1696
678755239630127104,3484,7364
678740035362037760,1787,3877
678708137298427904,2546,5748
678675843183484930,1559,2969
678643457146150913,444,2118
678446151570427904,1643,4127
678424312106393600,2671,5585
678410210315247616,1918,4370
678399652199309312,33394,81600
678396796259975168,443,1642
678389028614488064,441,1929
678380236862578688,958,2520
678341075375947776,566,1783
678334497360859136,271,1343
678278586130948096,6386,11808
678255464182861824,391,1637
678023323247357953,403,1989
678021115718029313,6703,14141
677961670166224897,1771,3521
677918531514703872,430,1392
677895101218201600,2215,4981
677716515794329600,1013,3146
677700003327029250,1521,3495
677698403548192770,334,1265
677687604918272002,890,2550
677673981332312066,1573,3439
677662372920729601,1021,2007
677644091929329666,837,1918
677573743309385728,759,2203
677565715327688705,480,1331
677557565589463040,1216,2505
677547928504967168,3817,7125
677530072887205888,236,1104
677335745548390400,1870,3125
677334615166730240,307,1390
677331501395156992,245,1126
677328882937298944,1570,3731
677314812125323265,558,1685
677301033169788928,430,1277
677269281705472000,740,2051
677228873407442944,1717,3642
677187300187611136,967,2804
676975532580409345,1122,2859
676957860086095872,843,2272
676949632774234114,417,1345
676948236477857792,911,2231
676946864479084545,394,1755
676942428000112642,792,2126
676936541936185344,5119,13040
676916996760600576,1878,3045
676897532954456065,751,2314
676864501615042560,741,2156
676821958043033607,16308,23641
676819651066732545,694,1851
676811746707918848,443,1451
676776431406465024,2095,5134
676617503762681856,1026,2968
676613908052996102,205,1111
676606785097199616,458,1925
676603393314578432,400,1192
676593408224403456,2252,4683
676590572941893632,130,937
676588346097852417,830,2383
676582956622721024,290,1230
676575501977128964,1165,2655
676533798876651520,581,1919
676496375194980353,556,1554
676470639084101634,4862,11866
676440007570247681,693,1757
676430933382295552,360,1428
676263575653122048,574,2126
676237365392908289,304,1253
676219687039057920,32341,77241
676215927814406144,607,1784
676191832485810177,1075,2330
676146341966438401,690,1964
676121918416756736,1204,2200
676101918813499392,1210,2881
676098748976615425,1495,3071
676089483918516224,448,1346
675898130735476737,596,1660
675891555769696257,901,2172
675888385639251968,1002,2428
675878199931371520,1455,4260
675870721063669760,596,1673
675853064436391936,1346,2740
675849018447167488,154,960
675845657354215424,920,2325
675822767435051008,557,1555
675820929667219457,239,1072
675798442703122432,3511,10448
675781562965868544,490,1655
675740360753160193,360,1194
675710890956750848,853,1929
675707330206547968,722,2022
675706639471788032,101,656
675534494439489536,433,1856
675531475945709568,398,1206
675522403582218240,296,1060
675517828909424640,473,1324
675501075957489664,6019,17447
675497103322386432,1346,3199
675489971617296384,622,1329
675483430902214656,1006,1871
675432746517426176,590,1555
675372240448454658,528,1722
675362609739206656,236,1068
675354435921575936,17815,33329
675349384339542016,2335,3978
675334060156301312,1340,2829
675166823650848770,1666,3677
675153376133427200,2693,6382
675149409102012420,1733,3799
675147105808306176,247,959
675146535592706048,325,1214
675145476954566656,933,2169
675135153782571009,510,1320
675113801096802304,807,1983
675111688094527488,260,982
675109292475830276,1173,2843
675047298674663426,339,1076
675015141583413248,1240,2751
675006312288268288,232,1005
675003128568291329,488,1581
674999807681908736,1135,2280
674805413498527744,366,872
674800520222154752,887,3061
674793399141146624,1121,2542
674790488185167872,255,1121
674788554665512960,217,826
674781762103414784,1243,2028
674774481756377088,486,1139
674767892831932416,817,1857
674764817387900928,245,797
674754018082705410,462,1382
674752233200820224,481,1480
674743008475090944,570,1428
674742531037511680,52,496
674739953134403584,406,1130
674737130913071104,96,662
674690135443775488,482,1166
674670581682434048,671,1635
674664755118911488,263,940
674646392044941312,509,1455
674644256330530816,277,1040
674638615994089473,596,1707
674632714662858753,598,1523
674606911342424069,102,950
674468880899788800,2117,6308
674447403907457024,365,1080
674436901579923456,404,1125
674422304705744896,551,1453
674416750885273600,145,690
674410619106390016,479,1216
674394782723014656,590,1515
674372068062928900,322,856
674330906434379776,76,569
674318007229923329,528,1435
674307341513269249,7154,11454
674291837063053312,6050,14916
674271431610523648,749,1589
674269164442398721,231,915
674265582246694913,875,1664
674262580978937856,464,1323
674255168825880576,571,1485
674082852460433408,174,763
674075285688614912,297,993
674063288070742018,2264,6441
674053186244734976,1332,3358
674051556661161984,496,1461
674045139690631169,654,1436
674042553264685056,132,731
674038233588723717,423,1117
674036086168010753,217,854
674024893172875264,1255,1799
674019345211760640,307,1149
674014384960745472,662,1578
674008982932058114,365,1213
673956914389192708,984,1967
673919437611909120,377,1181
673906403526995968,1654,3223
673887867907739649,256,939
673716320723169284,769,3111
673715861853720576,2135,3576
673711475735838725,303,1045
673709992831262724,280,858
673708611235921920,297,1093
673707060090052608,401,1108
673705679337693185,410,1267
673700254269775872,585,1450
673697980713705472,1999,3836
673689733134946305,664,1748
673688752737402881,505,1273
673686845050527744,449,1447
673680198160809984,479,1383
673662677122719744,367,1267
673656262056419329,247,721
673636718965334016,366,1117
673612854080196609,737,1608
673583129559498752,372,1201
673580926094458881,274,841
673576835670777856,572,1397
673363615379013632,311,1033
673359818736984064,685,1466
673355879178194945,590,1501
673352124999274496,547,1667
673350198937153538,218,752
673345638550134785,1303,2532
673343217010679808,277,981
673342308415348736,597,1283
673320132811366400,8112,13573
673317986296586240,265,881
673295268553605120,3229,7577
673270968295534593,374,1070
673240798075449344,747,1433
673213039743795200,860,2264
673148804208660480,644,1702
672997845381865473,735,1984
672995267319328768,304,964
672988786805112832,299,990
672984142909456390,551,1262
672980819271634944,1027,1834
672975131468300288,930,1694
672970152493887488,363,950
672968025906282496,557,1327
672964561327235073,651,1430
672902681409806336,516,1376
672898206762672129,430,909
672884426393653248,845,1557
672877615439593473,374,1041
672834301050937345,578,1319
672828477930868736,504,1264
672640509974827008,327,980
672622327801233409,504,1305
672614745925664768,598,1226
672609152938721280,396,1121
672604026190569472,404,1116
672594978741354496,619,1336
672591762242805761,342,955
672591271085670400,186,727
672538107540070400,372,1033
672523490734551040,174,645
672488522314567680,446,1117
672482722825261057,610,1145
672481316919734272,127,721
672475084225949696,714,1436
672466075045466113,550,1362
672272411274932228,3456,6492
672267570918129665,627,1510
672264251789176834,343,1146
672256522047614977,1578,2827
672254177670729728,754,1434
672248013293752320,623,1726
672245253877968896,162,687
672239279297454080,328,898
672231046314901505,1037,1842
672222792075620352,214,785
672205392827572224,1174,2272
672169685991993344,374,1025
672160042234327040,364,877
672139350159835138,722,1754
672125275208069120,1158,2417
672095186491711488,373,1006
672082170312290304,374,945
672068090318987265,525,1293
671896809300709376,4235,8521
671891728106971137,582,1340
671882082306625538,1402,3483
671879137494245376,691,1432
671874878652489728,567,1253
671866342182637568,507,1124
671855973984772097,454,910
671789708968640512,3546,7102
671768281401958400,533,1196
671763349865160704,943,1693
671744970634719232,785,1355
671743150407421952,236,745
671735591348891648,768,1460
671729906628341761,4419,8543
671561002136281088,7343,12875
671550332464455680,210,920
671547767500775424,606,1361
671544874165002241,1064,1985
671542985629241344,573,1097
671538301157904385,401,932
671536543010570240,416,1183
671533943490011136,590,1023
671528761649688577,263,848
671520732782923777,534,1410
671518598289059840,293,957
671511350426865664,735,1612
671504605491109889,3594,7052
671497587707535361,453,924
671488513339211776,479,1015
671486386088865792,208,580
671485057807351808,235,763
671390180817915904,742,1431
671362598324076544,297,1113
671357843010908160,150,401
671355857343524864,116,484
671347597085433856,436,961
671186162933985280,216,736
671182547775299584,351,1122
671166507850801152,356,879
671163268581498880,1125,1670
671159727754231808,82,376
671154572044468225,222,717
671151324042559489,158,672
671147085991960577,229,675
671141549288370177,665,1168
671138694582165504,411,929
671134062904504320,199,751
671122204919246848,2556,3498
671115716440031232,789,1371
671109016219725825,448,1151
670995969505435648,298,1107
670842764863651840,8866,24708
670840546554966016,196,593
670838202509447168,707,1116
670833812859932673,128,450
670832455012716544,222,736
670826280409919488,4120,5576
670823764196741120,197,782
670822709593571328,97,616
670815497391357952,1562,3187
670811965569282048,275,1138
670807719151067136,500,1164
670804601705242624,976,1972
670803562457407488,88,347
670797304698376195,240,740
670792680469889025,285,834
670789397210615808,245,665
670786190031921152,204,608
670783437142401025,402,824
670782429121134593,784,1572
670780561024270336,292,788
670778058496974848,74,330
670764103623966721,429,1078
670755717859713024,112,442
670733412878163972,522,970
670727704916926465,366,831
670717338665226240,504,1215
670704688707301377,376,773
670691627984359425,248,593
670679630144274432,288,751
670676092097810432,44,249
670668383499735048,5115,10753
670474236058800128,769,1526
670468609693655041,86,354
670465786746662913,560,974
670452855871037440,208,552
670449342516494336,674,1196
670444955656130560,2010,6757
670442337873600512,202,645
670435821946826752,524,1058
670434127938719744,656,1405
670433248821026816,114,329
670428280563085312,636,1386
670427002554466305,166,522
670421925039075328,641,1313
670420569653809152,321,630
670417414769758208,319,572
670411370698022913,912,2025
670408998013820928,229,557
670403879788544000,160,435
670385711116361728,213,562
670374371102445568,274,748
670361874861563904,69,330
670338931251150849,113,423
670319130621435904,1239,3880
670303360680108032,138,430
670290420111441920,292,705
670093938074779648,339,1029
670086499208155136,256,702
670079681849372674,1256,2226
670073503555706880,804,1582
670069087419133954,245,627
670061506722140161,347,769
670055038660800512,336,672
670046952931721218,180,646
670040295598354432,113,757
670037189829525505,280,592
670003130994700288,93,333
669993076832759809,86,327
669972011175813120,161,448
669970042633789440,62,304
669942763794931712,167,505
669926384437997569,106,374
669923323644657664,57,233
669753178989142016,406,816
669749430875258880,65,268
669684865554620416,90,519
669683899023405056,112,390
669682095984410625,136,351
669680153564442624,295,670
669661792646373376,445,804
669625907762618368,1842,3545
669603084620980224,367,953
669597912108789760,152,514
669583744538451968,938,1500
669573570759163904,143,435
669571471778410496,1033,1597
669567591774625800,56,236
669564461267722241,127,387
669393256313184256,78,369
669375718304980992,739,1333
669371483794317312,184,496
669367896104181761,160,468
669363888236994561,231,623
669359674819481600,127,370
669354382627049472,1291,2717
669353438988365824,266,649
669351434509529089,190,439
669328503091937280,424,1024
669327207240699904,118,578
669324657376567296,211,501
669216679721873412,409,1195
669214165781868544,169,441
669203728096960512,486,1008
669037058363662336,318,660
669015743032369152,379,740
669006782128353280,251,578
669000397445533696,6457,20985
668994913074286592,233,440
668992363537309700,352,747
668989615043424256,334,682
668988183816871936,477,900
668986018524233728,171,556
668981893510119424,313,540
668979806671884288,354,802
668975677807423489,588,1307
668967877119254528,24,145
668960084974809088,242,706
668955713004314625,72,283
668932921458302977,59,266
668902994700836864,102,321
668892474547511297,154,397
668872652652679168,304,531
668852170888998912,169,457
668826086256599040,139,434
668815180734689280,275,578
668779399630725120,375,708
668655139528511488,222,536
668645506898350081,537,895
668643542311546881,539,883
668641109086707712,546,1079
668636665813057536,496,1044
668633411083464705,1673,2821
668631377374486528,323,720
668627278264475648,118,320
668625577880875008,137,389
668623201287675904,783,1436
668620235289837568,43,204
668614819948453888,316,615
668587383441514497,1093,1675
668567822092664832,57,246
668544745690562560,231,517
668542336805281792,219,459
668537837512433665,77,252
668528771708952576,231,461
668507509523615744,109,328
668496999348633600,135,416
668484198282485761,239,430
668480044826800133,150,461
668466899341221888,524,886
668297328638447616,298,620
668291999406125056,31,244
668286279830867968,138,506
668274247790391296,232,824
668268907921326080,238,554
668256321989451776,626,1314
668248472370458624,496,992
668237644992782336,2885,6224
668226093875376128,105,299
668221241640230912,200,513
668204964695683073,197,554
668190681446379520,198,654
668171859951755264,195,492
668154635664932864,320,496
668142349051129856,285,569
668113020489474048,244,669
667937095915278337,797,1261
667924896115245057,113,302
667915453470232577,56,209
667911425562669056,308,493
667902449697558528,379,852
667886921285246976,1104,1890
667885044254572545,490,812
667878741721415682,121,392
667873844930215936,409,628
667866724293877760,1039,3002
667861340749471744,78,240
667832474953625600,63,291
667806454573760512,497,1049
667801013445750784,97,329
667793409583771648,334,697
667782464991965184,246,408
667773195014021121,57,236
667766675769573376,217,440
667728196545200128,152,377
667724302356258817,319,481
667550904950915073,35,0
667550882905632768,33,0
667549055577362432,2299,5789
667546741521195010,125,331
667544320556335104,529,864
667538891197542400,65,203
667534815156183040,542,814
667530908589760512,239,463
667524857454854144,1113,1693
667517642048163840,193,366
667509364010450944,2133,6763
667502640335572993,220,531
667495797102141441,272,515
667491009379606528,225,529
667470559035432960,100,254
667455448082227200,60,189
667453023279554560,89,306
667443425659232256,578,773
667437278097252352,238,448
667435689202614272,83,302
667405339315146752,220,461
667393430834667520,55,193
667369227918143488,163,363
667211855547486208,242,490
667200525029539841,260,608
667192066997374976,108,383
667188689915760640,414,740
667182792070062081,6196,14263
667177989038297088,54,191
667176164155375616,464,608
667174963120574464,82,240
667171260800061440,88,220
667165590075940865,1135,2671
667160273090932737,62,254
667152164079423490,17032,47441
667138269671505920,2199,4574
667119796878725120,127,326
667090893657276420,126,329
667073648344346624,121,398
667070482143944705,14,82
667065535570550784,46,165
667062181243039745,54,216
667044094246576128,50,183
667012601033924608,221,442
666996132027977728,94,244
666983947667116034,979,2527
666837028449972224,551,804
666835007768551424,80,212
666826780179869698,97,252
666817836334096384,248,514
666804364988780544,92,237
666786068205871104,484,751
666781792255496192,189,380
666776908487630848,172,347
666739327293083650,65,232
666701168228331520,217,425
666691418707132416,47,186
666649482315059201,615,1104
666644823164719104,79,229
666454714377183233,207,511
666447344410484738,19,101
666437273139982337,47,122
666435652385423360,53,163
666430724426358785,194,311
666428276349472768,81,163
666421158376562688,111,310
666418789513326592,45,122
666411507551481857,320,431
666407126856765440,39,105
666396247373291520,83,162
666373753744588802,88,183
666362758909284353,558,756
666353288456101888,71,214
666345417576210432,132,284
666337882303524864,88,192
666293911632134144,343,488
666287406224695296,63,142
666273097616637952,76,169
666268910803644416,35,100
666104133288665088,6351,13974
666102155909144576,11,77
666099513787052032,65,149
666094000022159362,71,160
666082916733198337,44,113
666073100786774016,158,314
666071193221509120,58,142
666063827256086533,212,462
666058600524156928,57,108
666057090499244032,138,286
666055525042405380,235,426
666051853826850816,827,1192
666050758794694657,57,130
666049248165822465,42,105
666044226329800704,136,290
666033412701032449,43,121
666029285002620928,46,125
666020888022790149,496,2517
